kind,code,class_name,prof,room1,room2,date1,date2,start,end,kwan
교필,AC00007,인권과평화(주제:전쟁과평화),강성현,7207,,금,,10:00,11:50,새천년관
교필,AC00007,인권과평화(주제:한국인권평화운동탐구),김기명,7308,,금,,10:00,11:50,새천년관
교필,AC00007,인권과평화(주제:인권과공감),이기웅,M205,,금,,10:00,11:50,미가엘관
교필,AC00007,인권과평화(주제:글로벌스크린으로보는인권),오영숙,3402,,금,,10:00,11:50,월당관
교필,AC00007,"인권과평화(주제:몸의다양성(젠더,질병·장애)과인권)",김향수,7208,,금,,10:00,11:50,새천년관
교필,AC00007,인권과평화(주제:플랫폼노동과정보인권),김현준,3502,,금,,10:00,11:50,월당관
교필,AC00013,말과글,오현화,1504,,화,,09:00,10:50,승연관
교필,AC00013,말과글,유승현,1505,,화,,09:00,10:50,승연관
교필,AC00013,말과글,유승현,1503,,화,,11:00,12:50,승연관
교필,AC00013,말과글,오현화,1504,,화,,11:00,12:50,승연관
교필,AC00013,말과글,곽승숙,1505,,목,,09:00,10:50,승연관
교필,AC00013,말과글,박주혜,1506,,목,,09:00,10:50,승연관
교필,AC00013,말과글,곽승숙,1505,,목,,11:00,12:50,승연관
교필,AC00013,말과글,박주혜,1506,,목,,11:00,12:50,승연관
교필,AC00013,말과글,오현화,1504,,목,,11:00,12:50,승연관
교필,AC00016,과학기술과에콜로지,김명진,7207,,화,,09:00,10:50,새천년관
교필,AC00016,과학기술과에콜로지,김병수,7207,,화,,11:00,12:50,새천년관
교필,AC00016,과학기술과에콜로지,김명철신익상,3402,,화,,09:00,10:50,월당관
교필,AC00016,과학기술과에콜로지,김명철신익상,3402,,화,,11:00,12:50,월당관
교필,AC00016,과학기술과에콜로지,신익상김명철,3502,,화,,09:00,10:50,월당관
교필,AC00016,과학기술과에콜로지,신익상김명철,3502,,화,,11:00,12:50,월당관
교필,AK00179,디지털리터러시(내용:데이터활용및분석),윤명호,3302,,금,,10:00,11:50,월당관
교필,AK00179,디지털리터러시(내용:데이터활용및분석),이해신,M401,,금,,10:00,11:50,미가엘관
교필,AK00179,디지털리터러시(내용:데이터활용및분석),김덕봉,6201,,금,,10:00,11:50,정보과학관
교필,AK00179,디지털리터러시(내용:데이터활용및분석),이하규,6206,,금,,10:00,11:50,정보과학관
교필,AK00179,디지털리터러시(내용:컴퓨팅적사고와문제해결),이상윤,7309,,금,,10:00,11:50,새천년관
교필,AK00179,디지털리터러시(내용:컴퓨팅적사고와문제해결),곽승우,7202,,금,,10:00,11:50,새천년관
교필,AK00179,디지털리터러시(내용:컴퓨팅적사고와문제해결),공준욱,M402,,금,,10:00,11:50,미가엘관
교필,AK00183,전공진로세미나(인문융합1반),김혜인,7301,,금,,13:00,13:50,새천년관
교필,AK00183,전공진로세미나(인문융합2반),김아름,7302,,금,,13:00,13:50,새천년관
교필,AK00183,전공진로세미나(인문융합3반),윤영도,7303,,금,,13:00,13:50,새천년관
교필,AK00183,전공진로세미나(경영1반),송재민,7301,,금,,14:00,14:50,새천년관
교필,AK00183,전공진로세미나(경영2반),김용미,7302,,금,,14:00,14:50,새천년관
교필,AK00183,전공진로세미나(사회융합1반),황준서,7303,,금,,14:00,14:50,새천년관
교필,AK00183,전공진로세미나(사회융합2반),이상철,7305,,금,,14:00,14:50,새천년관
교필,AK00183,전공진로세미나(사회융합3반),김태경,7306,,금,,14:00,14:50,새천년관
교필,AK00183,전공진로세미나(사회융합4반),최정태,7304,,금,,14:00,14:50,새천년관
교필,AK00183,전공진로세미나(미디어융합1반),윤장열,7305,,금,,13:00,13:50,새천년관
교필,AK00183,전공진로세미나(미디어융합2반),이원정,7306,,금,,13:00,13:50,새천년관
교필,AK00183,전공진로세미나(미디어융합3반),오세현,7304,,금,,13:00,13:50,새천년관
교필,AK00183,전공진로세미나(미래융합1반),김수림,6404,,금,,14:00,14:50,정보과학관
교필,AK00183,전공진로세미나(미래융합2반),곽승우,6206,,금,,14:00,14:50,정보과학관
교필,AK00183,전공진로세미나(소프트웨어융합1반),김선형,6404,,금,,13:00,13:50,정보과학관
교필,AK00183,전공진로세미나(소프트웨어융합2반),김명철,6206,,금,,13:00,13:50,정보과학관
교필,AK00183,전공진로세미나(소프트웨어융합3반),박정식,3301,,금,,13:00,13:50,월당관
교필,AK00183,전공진로세미나(소프트웨어융합4반),김덕봉,M406,,금,,13:00,13:50,미가엘관
교필,AK00184,자유전공팀세미나(자유전공1반),김기명,7107,,금,,13:00,13:50,새천년관
교필,AK00184,자유전공팀세미나(자유전공2반),이현아,3401,,금,,13:00,13:50,월당관
교필,AK00184,자유전공팀세미나(자유전공3반),윤명호,3301,,금,,14:00,14:50,월당관
교필,AK00184,자유전공팀세미나(자유전공4반),이해청,M406,,금,,14:00,14:50,미가엘관
교필,AK00184,자유전공팀세미나(자유전공5반),김기명,7107,,금,,14:00,14:50,새천년관
교필,AK00184,자유전공팀세미나(자유전공6반),이현아,3401,,금,,14:00,14:50,월당관
교필,AC00003,사회봉사Ⅰ,손다진,M301,,화,,10:00,11:50,미가엘관
교필,AC00003,사회봉사Ⅰ,손다진,M301,,목,,10:00,11:50,미가엘관
교필,AE00046,해외봉사,최준기,7202,,수,,18:00,19:50,새천년관
교선,AF00008,과학기술과사회,김병수,7208,,목,,09:00,11:50,새천년관
교선,AF00048,생활속의물리학,김강배,M402,,금,,15:00,17:50,미가엘관
교선,AF00050,천문학의세계,이성환,3501,,화,,09:00,11:50,월당관
교선,AK00011,확률과통계,윤명호,3301,,수,,12:00,14:50,월당관
교선,AK00012,근대과학의풍경,김명진,3501,,화,,12:00,14:50,월당관
교선,AK00111,BigDataTheoryandPractice,김양희,M402,,금,,12:00,14:50,미가엘관
교선,AK00178,인공지능과사람,장여경,7208,,월,,15:00,17:50,새천년관
교선,AE00039,협동조합과대안사회,강진희,7307,,화,,15:00,17:50,새천년관
교선,AK00087,기업가정신CEO특강,이종인,7207,,수,,15:00,17:50,새천년관
교선,AK00090,콘텐츠세계로미래로,전현택,M301,,화,,12:00,14:50,미가엘관
교선,AK00099,디지털콘텐츠해외사례분석,전현택,M301,,수,,12:00,14:50,미가엘관
교선,AK00101,한국경제알아보기,이상철,M205,,화,,12:00,14:50,미가엘관
교선,AK00194,대학생을위한노동법,김건우,3401,,월,,12:00,14:50,월당관
교선,AF00037,자연과생명,김추령,3401,,화,,12:00,14:50,월당관
교선,AF00056,기후위기와지속가능한농업,김병수,7204,,목,,12:00,14:50,새천년관
교선,AK00024,몸과윤리,변혜진,7208,,수,,12:00,14:50,새천년관
교선,AK00192,"인간,동물그리고기후의역사",남종영,M205,,화,,15:00,17:50,미가엘관
교선,AD00150,한국현대사회의이해,송용한,1506,,수,,12:00,14:50,승연관
교선,AE00070,세계노동운동의역사와이론,배성인,1504,,화,,15:00,17:50,승연관
교선,AK00061,성과문화,김순남,1506,,화,,12:00,14:50,승연관
교선,AK00062,현대사회와법2,박선화,3401,,수,,09:00,11:50,월당관
교선,AK00148,글로벌트랜드분석과미래세계,이남주,7107,,목,,09:00,11:50,새천년관
교선,AK00152,우리사회에대한철학적성찰,황주영,7107,,화,,12:00,14:50,새천년관
교선,AK00191,만화로문화다양성읽기,송하원,3501,,화,,15:00,17:50,월당관
교선,AD00042,논리와비판적사고,김시형,7208,,월,,12:00,14:50,새천년관
교선,AD00105,온라인게임과종교적상징,김한나,7107,,수,,15:00,17:50,새천년관
교선,AE00099,마음,남일성,7303,,화,,15:00,17:50,새천년관
교선,AK00097,인간관계심리와대인관계기술,최수빈,7208,,수,,09:00,11:50,새천년관
교선,AK00102,동양의사유,최성호,7107,,수,,12:00,14:50,새천년관
교선,AK00187,축의시대:철학과종교의탄생,김기명,3301,,목,,15:00,17:50,월당관
교선,AK00188,정신건강과자기돌봄,이현아,7107,,화,,09:00,11:50,새천년관
교선,AK00189,행동변화와자기관리,이현아,3502,,목,,12:00,14:50,월당관
교선,AU00004,예술심리치료의이해,윤라미,7107,,목,,12:00,14:50,새천년관
교선,AD00127,미술과상상력,이은주,7107,,수,,09:00,11:50,새천년관
교선,AD00172,더불어숲인문학(삶을위한인문공부),고병헌,7208,,월,,09:00,11:50,새천년관
교선,AK00013,현대문학톺아읽기,오현화,1506,,화,,15:00,17:50,승연관
교선,AK00019,더불어숲인문학(문학속문화읽기),오현화,7107,,목,,15:00,17:50,새천년관
교선,AK00104,사랑과연애의사회사,김영선,3501,,수,,15:00,17:50,월당관
교선,AK00149,엔터테인먼트산업의이해,김현희,M301,,수,,15:00,17:50,미가엘관
교선,AK00150,"신화와감성:오페라,영화,회화로읽는인간이야기",차피득,7208,,목,,15:00,17:50,새천년관
교선,AK00151,스피치의이해,미지정(채용중),3401,,목,,12:00,14:50,월당관
교선,AK00154,문화교양강독,전성원,1506,,수,,15:00,17:50,승연관
교선,AK00186,어제의인문학,김기명,3401,,화,,15:00,17:50,월당관
교선,AK00197,스피치와디베이트,이상철,3401,,수,,12:00,14:50,월당관
교선,AD00003,기초일본어,요코야마나호코,1505,1505,월,수,13:30,14:45,승연관
교선,AD00004,실용일본어,요코야마나호코,1505,1505,월,수,12:00,13:15,승연관
교선,AD00010,서양사의이해,한해정,7208,,목,,12:00,14:50,새천년관
교선,AD00109,기초영문법II,김성찬,7306,,수,,15:00,17:50,새천년관
교선,AK00017,동아시아역사와문화,심용환,M205,,수,,09:00,11:50,미가엘관
교선,AK00020,세계음식과역사,홍서연,3301,,목,,12:00,14:50,월당관
교선,AK00098,중동분쟁과이슬람인권,이희수조정현,7208,,수,,15:00,17:50,새천년관
교선,AK00100,교양스페인어,유현정,7208,,화,,12:00,14:50,새천년관
교선,AK00212,세상을바꾼기술,김명진,3501,,수,,12:00,14:50,월당관
교선,AK00029,"남과북,밥·꿈·칼의100년전쟁",한홍구,M205,,수,,15:00,17:50,미가엘관
교선,AD00033,대학합창II,차피득,9301,,수,,15:00,17:50,성미가엘성당&피츠버그홀
교선,AD00193,실용음악의이해와감상Ⅱ(대중음악),하지원,7107,,화,,15:00,16:50,새천년관
교선,AD00162,사교무용-탱고,장소정,5C301,,수,,12:00,13:50,나눔관
교선,AK00021,요가,하지혜,5C301,,금,,13:00,13:50,나눔관
교선,AK00021,요가,하지혜,5C301,,금,,14:00,14:50,나눔관
교선,AK00021,요가,하지혜,5C301,,금,,15:00,15:50,나눔관
교선,AK00193,생활달리기,미지정(채용중),1503,,수,,09:00,10:50,승연관
교선,AK00196,모두의그라운드:축구,김동혁,1503,,수,,12:00,13:50,승연관
교선,AK00080,대학생사회공헌프로젝트2,임정아,M404,,금,,15:00,17:50,미가엘관
교선,AH00022,진로탐색과자기계발,한상진,7208,,화,,15:00,16:50,새천년관
교선,AH00056,창업과지식재산,류선미,7208,,화,,10:00,11:50,새천년관
교선,AK00153,직업으로서의시민사회활동,박경주,3301,,월,,12:00,14:50,월당관
교선,AK00211,스타트업인사이트:쉽게배우는아이디어실전워크숍,최우진,1504,,월,,12:00,14:50,승연관
교필,AK00113,비아메디아채플:그리스도교와세계,이종민,3502,,월,,12:00,12:50,월당관
교필,AK00113,비아메디아채플:그리스도교와세계,이종민,3502,,월,,13:00,13:50,월당관
교필,AK00113,비아메디아채플:그리스도교와세계,이종민,3502,,월,,14:00,14:50,월당관
교필,AK00113,비아메디아채플:그리스도교와세계,노철래,3502,,수,,12:00,12:50,월당관
교필,AK00113,비아메디아채플:그리스도교와세계,노철래,3502,,수,,13:00,13:50,월당관
교필,AK00113,비아메디아채플:그리스도교와세계,노철래,3502,,수,,14:00,14:50,월당관
교필,AK00114,비아메디아채플:그리스도교와인간,양승우,3502,,월,,15:00,15:50,월당관
교필,AK00114,비아메디아채플:그리스도교와인간,양승우,3502,,월,,16:00,16:50,월당관
교필,AK00114,비아메디아채플:그리스도교와인간,양승우,3502,,월,,17:00,17:50,월당관
교필,AK00114,비아메디아채플:그리스도교와인간,이해청,3502,,수,,15:00,15:50,월당관
교필,AK00114,비아메디아채플:그리스도교와인간,이해청,3502,,수,,16:00,16:50,월당관
교필,AK00114,비아메디아채플:그리스도교와인간,이해청,3502,,수,,17:00,17:50,월당관
전선교선,HE00026,영어다의어2:알맹이와껍데기,권용현,9990,,금,,09:00,11:50,성미가엘성당&피츠버그홀
전선교선,SG00026,다양성과소수자,박경태,7207,,수,,09:00,11:50,새천년관
교선,AK00205,서울의역사와도시문화의이해B,신유진,M404,,수,,12:00,14:50,미가엘관
교선,AK00209,미디어와한국문화B,최원정,M205,,수,,12:00,14:50,미가엘관
교선,AK00207,20대를위한심리A,이현아,M205,,월,,12:00,14:50,미가엘관
평교,AD00124,문화예술교육론,신재민,M406,,금,,15:00,17:50,미가엘관
평교,AG00003,평생교육실습,임정아,1504,,금,,09:00,11:50,승연관
평교,AG00013,평생교육경영학,정혜령,7305,,수,,12:00,14:50,새천년관
평교,AG00015,평생교육프로그램개발,임정아,1505,,화,,12:00,14:50,승연관
평교,AG00016,청소년교육론,정혜령,1503,,목,,12:00,14:50,승연관
평교,AK00138,노인교육론,고병헌,7204,,월,,15:00,17:50,새천년관
전탐,BH00002,일본의이해,김아름,7107,,금,,15:00,17:50,새천년관
전탐,BH00005,네이티브일본어회화,요코야마나호코,7202,7202,화,목,13:30,14:45,새천년관
전탐,BH00006,쉽게배우는중국어,장엽,7305,7305,화,목,15:00,16:15,새천년관
전탐,BH00007,키워드로본오늘의중국,이남주,7306,7306,화,목,13:30,14:45,새천년관
전탐,BH00008,EnglishPronunciation,김혜인,7305,7305,화,목,13:30,14:45,새천년관
전탐,BH00013,과학카페에서읽는종교,신익상,1505,,수,,09:00,11:50,승연관
전탐,BS00005,사회복지학개론,이동림,3502,,화,,15:00,17:50,월당관
전탐,BS00007,사회복지와인권,양경은,7309,,수,,09:00,11:50,새천년관
전탐,BS00006,사회학의초대,강성현,7202,7202,월,수,13:30,14:45,새천년관
전탐,BS00011,사회학글쓰기입문,황준서,7207,7207,화,목,13:30,14:45,새천년관
전탐,BS00012,경제로보는문화,신현준,7202,7202,월,수,16:30,17:45,새천년관
전탐,BS00008,정치학의초대,윤석준,7207,7207,월,수,13:30,14:45,새천년관
전탐,BS00014,비교정치의이해,김태경,7207,7207,화,목,15:00,16:15,새천년관
전탐,BM00006,기초회계,김용미,1505,,금,,15:00,17:50,승연관
전탐,BM00002,경제환경과기업경영,이웅,7207,,화,,15:00,17:50,새천년관
전탐,BD00005,민주주의와저널리즘,윤장열,7308,,목,,15:00,17:50,새천년관
전탐,BD00006,영상크리에이티브기초,연희승,M401,,월,,09:00,11:50,미가엘관
전탐,BD00007,21세기세계문화의이해,정윤수,7308,7308,월,수,12:00,13:15,새천년관
전탐,BD00009,디자인언포게터블캐릭터,이원정,6110,,수,,09:00,11:50,정보과학관
전탐,BD00011,영상커뮤니케이션의이해,최영묵,1505,,수,,15:00,17:50,승연관
전탐,BD00013,"설득과공감의마법,디지털콘텐츠발상과표현",이종승,7208,,금,,15:00,17:50,새천년관
전탐,BI00002,웹개발입문,김덕봉,6201,6201,화,목,12:00,13:15,정보과학관
전탐,BI00002,웹개발입문,김덕봉,6201,6201,화,목,13:30,14:45,정보과학관
전탐,BI00002,웹개발입문,이해신,6202,,금,,15:00,17:50,정보과학관
전탐,BI00003,공업수학,윤명호,3301,,수,,09:00,11:50,월당관
전탐,BI00004,Python프로그래밍,홍은지,6206,,월,,09:00,11:50,정보과학관
전탐,BI00004,Python프로그래밍,홍은지,6206,,수,,09:00,11:50,정보과학관
전탐,BI00004,Python프로그래밍,이하규,6406,6406,월,수,15:00,16:15,정보과학관
전탐,BF00005,인공지능입문,공준욱,6206,6206,화,목,16:30,17:45,정보과학관
전탐,BF00002,Python프로그래밍,공준욱,6405,6405,화,목,13:30,14:45,정보과학관
전탐,BF00003,빅데이터이론과실제,김수림,7205,7205,화,목,15:00,16:15,새천년관
전탐,BF00004,빅데이터활용및실습,김양희,3302,3302,화,목,13:30,14:45,월당관
전선,HR00005,인공지능시대의종교와미디어의미래,최영묵이주엽,7201,,목,,15:00,17:50,새천년관
전선,HR00007,종교와사회복지,노철래한지수,7201,,화,,12:00,14:50,새천년관
전선,HR00010,공감,박경태신익상박남기,7201,,화,,15:00,17:50,새천년관
전선,HR00015,그리스도교의역사와사상:근대와현대의신학,강안일,7201,,금,,09:00,11:50,새천년관
전선,HR00025,성서와고대신화,이해청,7201,,수,,09:00,11:50,새천년관
전선,HR00026,다종교시대의신학과영성,노철래정경일,7201,,화,,09:00,11:50,새천년관
전선,HE00001,영화로읽는셰익스피어,진영종,7616,,화,,09:00,11:50,새천년관
전필,HE00002,영어독서지도,김성찬,7616,,목,,12:00,13:50,새천년관
전필,HE00003,영어문장이해II,김성찬,M205,,화,,09:00,11:50,미가엘관
전선,HE00004,영미문학:자연과인간,조병은,7616,,월,,12:00,14:50,새천년관
전필,HE00005,미국문화와사회,박미정,7616,,월,,15:00,17:50,새천년관
전선,HE00006,영어다독II,김혜인,7616,,수,,12:00,14:50,새천년관
전선,HE00006,영어다독II,김혜인,7616,,수,,15:00,17:50,새천년관
전선,HE00007,영어로읽는한국2,박미정,7616,,수,,09:00,11:50,새천년관
전선,HE00008,영어교수법및학습법II,김성찬,7616,7616,화,목,16:30,17:45,새천년관
전선,HE00009,서양문학의흐름,박미정,3401,,수,,15:00,17:50,월당관
전선,HE00023,영어발달사,김성찬,7616,7616,화,목,15:00,16:15,새천년관
전필,HE00024,영작문2,김혜인,7305,7305,화,목,12:00,13:15,새천년관
전선,HJ00002,스크린일본어,요코야마나호코,7202,7202,화,목,12:00,13:15,새천년관
전선,HJ00003,일본근현대문학의이해,박은희,7304,,화,,15:00,17:50,새천년관
전선,HJ00004,일본근현대사,김남은,7304,,월,,12:00,14:50,새천년관
전선,HJ00005,일본어표현연습,요코야마나호코,7304,7304,월,수,15:00,16:15,새천년관
전필,HJ00009,일본학세미나,김아름,7304,,금,,09:00,11:50,새천년관
전선,HJ00020,일본사회론,권연이,7304,,수,,12:00,13:50,새천년관
전선,HJ00022,한일문화콘텐츠통번역2,박혜윤,7304,,목,,15:00,17:50,새천년관
전필,HJ00024,일본원서강독3,김아름,7304,,목,,12:00,14:50,새천년관
전선,HJ00028,일본관광서비스캡스톤디자인,최나리,7304,,화,,09:00,11:50,새천년관
전선,HJ00029,일본고중세사,김건우,7304,,월,,09:00,11:50,새천년관
전선,HJ00030,일본기업론,미지정(채용중),7304,,목,,09:00,11:50,새천년관
전필,HC00002,중국고전을읽다,백원담,7306,,월,,12:00,14:50,새천년관
전선,HC00003,중국어회화Ⅲ,장엽,7301,,월,,09:00,11:50,새천년관
전선,HC00004,중국문화산업,윤영도,7301,7301,화,목,12:00,13:15,새천년관
전선,HC00005,중국어회화I,장엽,7301,7301,화,목,13:30,14:45,새천년관
전선,HC00006,중국의경제정책,이남주,7301,7301,화,목,15:00,16:15,새천년관
전선,HC00008,중국어작문연습,장엽,7301,,화,,09:00,11:50,새천년관
전필,HC00009,중국사회사정,장영석,7301,,수,,12:00,14:50,새천년관
전선,HC00019,실용중국어,김미란,7301,7301,월,수,16:30,17:45,새천년관
전선,HC00020,중국학융합캡스톤디자인,윤영도,7301,7301,화,목,16:30,17:45,새천년관
전선,HC00021,현대중국문화읽기,김미란,7301,7301,월,수,15:00,16:15,새천년관
전선,SW00001,아동복지론,양경은,7309,,월,,09:00,11:50,새천년관
전선,SW00002,정신건강론,서진환,7202,,화,,09:00,11:50,새천년관
전선,SW00003,노인복지론,남일성,7309,7309,월,수,16:30,17:45,새천년관
전선,SW00004,장애인복지론,김용득,7309,,화,,09:00,11:50,새천년관
전선,SW00006,복지국가론,김연아,3301,,화,,15:00,17:50,월당관
전선,SW00007,사회복지자료분석론,정원오,B105,B105,월,수,13:30,14:45,일만관
전선,SW00008,빈곤론,정원오,7202,,수,,09:00,11:50,새천년관
전선,SW00010,사회보장론,손다진,1504,,목,,15:00,17:50,승연관
전선,SW00023,사회복지현장실습,서진환,9990,,토,,09:00,11:50,성미가엘성당&피츠버그홀
전선,SW00023,사회복지현장실습,이동림,9990,,토,,12:00,14:50,성미가엘성당&피츠버그홀
전선,SW00024,인간행동과사회환경,남일성,7309,7309,월,수,15:00,16:15,새천년관
전선,SW00025,사회복지조사론,김형돈,7309,7309,월,수,13:30,14:45,새천년관
전선,SW00026,사회복지실천론,김용득,7309,7309,화,목,15:00,16:15,새천년관
전선,SW00027,사회복지실천기술론,박정환,7309,,금,,12:00,14:50,새천년관
전선,SW00028,사회복지정책론,정원오,7309,,목,,09:00,11:50,새천년관
전선,SW00029,지역사회복지론,최정태,7202,7202,월,수,15:00,16:15,새천년관
전선,SW00030,사회복지행정론,황인매,7309,,화,,12:00,14:50,새천년관
전선,SW00031,사회복지법제와실천,박보은,7309,,목,,12:00,14:50,새천년관
전선,SW00032,사회복지와사회적기업,김형돈,7309,7309,월,수,12:00,13:15,새천년관
전선,SW00035,청소년복지론,최정태,7309,,금,,15:00,17:50,새천년관
전선,HR00007,종교와사회복지,"노철래,한지수",7201,,화,,12:00,14:50,새천년관
전선,SG00003,젠더사회학,정연보,7206,,목,,09:00,11:50,새천년관
전필,SG00004,사회학개론,박상희,7309,7309,화,목,16:30,17:45,새천년관
전선,SG00005,역사사회학,오유석,7206,,화,,12:00,14:50,새천년관
전선,SG00008,환경과사회,황준서,7206,,월,,09:00,11:50,새천년관
전선,SG00009,사회과학방법론의이해,김진업,7206,,수,,12:00,14:50,새천년관
전선,SG00011,글로벌사회학,이태정,7206,,목,,12:00,14:50,새천년관
전선,SG00018,몸의사회학,정연보,7206,,화,,09:00,11:50,새천년관
전선,SG00021,교육과사회,김훈태,1504,,월,,15:00,17:50,승연관
전선,SG00025,인공지능과사회,최석현,1504,,수,,15:00,17:50,승연관
전선,SG00026,다양성과소수자,박경태,7207,,수,,09:00,11:50,새천년관
전선,SG00029,동물과인간의사회학,주설아,M301,,금,,09:00,11:50,미가엘관
전선,SG00032,난민과이주연구,박상희,7206,7206,화,목,15:00,16:15,새천년관
전선,SG00039,범죄학과폭력사회학,강성현,7206,7206,월,수,15:00,16:15,새천년관
전선,SG00044,사회사상사,황준서,7306,7306,화,목,12:00,13:15,새천년관
전선,SG00045,성스러움과권력의사회학,김현준,7206,,월,,12:00,14:50,새천년관
전필,SF00002,경제학세미나I,신현준,7206,,수,,09:00,11:50,새천년관
전선,SF00004,재정학,이상철,7616,,금,,09:00,11:50,새천년관
전선,SF00006,자본주의의역사,이상철,7616,,목,,09:00,11:50,새천년관
전선,SF00010,미시경제학,신현준,7307,7307,월,수,15:00,16:15,새천년관
전선,SF00013,국제경제론,유철규,7307,,월,,12:00,14:50,새천년관
전선,SF00017,경제통계학,임동민,7306,,수,,12:00,14:50,새천년관
전선,SF00019,경제적불평등과해방안,이동한,7206,,금,,12:00,14:50,새천년관
전필,SP00007,국가론,김태경,7204,,화,,09:00,11:50,새천년관
전선,SP00014,한반도평화론,윤석준,7204,,수,,15:00,17:50,새천년관
전선,SP00017,유럽정치론,윤석준,7204,,수,,09:00,11:50,새천년관
전선,SP00019,국제개발협력,윤석준,7204,,월,,09:00,11:50,새천년관
전선,SP00024,국제정치경제,이율빈,7204,,화,,12:00,14:50,새천년관
전필,SP00028,비교정치론,김태경,7204,,목,,09:00,11:50,새천년관
전선,SP00034,한국정치론,미지정(채용중),7204,,월,,12:00,14:50,새천년관
전선,SP00035,북한정치론,김태경,7204,7204,화,목,16:30,17:45,새천년관
전선,MM00002,글로벌비지니스의이해,이은정,7205,,화,,12:00,14:50,새천년관
전필,MM00003,경영정보시스템,송재민,7202,,금,,15:00,17:50,새천년관
전선,MM00004,인적자원관리,조수미,7205,,수,,09:00,11:50,새천년관
전선,MM00005,기업과사회,미지정(채용중),7205,,목,,09:00,11:50,새천년관
전필,MM00006,기업재무관리,최우석,7202,7202,화,목,16:30,17:45,새천년관
전필,MM00007,경영전략,이상윤,3502,,월,,09:00,11:50,월당관
전필,MM00009,마케팅,이상훈,7208,,금,,12:00,14:50,새천년관
전선,MM00011,셀프리더십,염준규,7205,,월,,12:00,14:50,새천년관
전필,MM00013,조직행동,정선영,7205,,화,,09:00,11:50,새천년관
전필,MM00014,운영관리,박상선,3502,,수,,09:00,11:50,월당관
전선,MM00015,포트폴리오와투자관리,최우석,7202,7202,화,목,15:00,16:15,새천년관
전선,MM00016,경영영어,조수미,7205,,금,,09:00,11:50,새천년관
전선,MM00018,서비스경영,이상훈,7206,,금,,15:00,17:50,새천년관
전선,MM00020,경영회계,이동욱,7306,,화,,15:00,17:50,새천년관
전선,MM00021,경영빅데이터프로그래밍,송재민,B105,,화,,12:00,14:50,일만관
전선,MM00029,실전창업의이해,이강산,7205,,목,,12:00,14:50,새천년관
전선,MM00031,스타트업인사이트:크라우드펀딩의이해,김형민,7205,,월,,15:00,17:50,새천년관
전필,MM00032,재무회계,김용미,7202,7202,월,수,12:00,13:15,새천년관
전선,MM00035,AI활용비즈니스데이터분석,박상선,7205,,수,,15:00,17:50,새천년관
전선,DJ00001,스토리텔링과미디어,백정숙,3402,,화,,15:00,17:50,월당관
전선,DJ00003,미디어법과정책,김서중,3402,,수,,09:00,11:50,월당관
전선,DJ00004,한국현대문화사,조인애,3301,,수,,15:00,17:50,월당관
전필,DJ00005,미디어조사방법,조은기,7308,,화,,09:00,11:50,새천년관
전필,DJ00006,기사작성과편집,김수연,3402,,월,,15:00,17:50,월당관
전선,DJ00011,광고크리에이티브,윤목,7308,,월,,15:00,17:50,새천년관
전선,DJ00014,문화기획과예술경영,양재영,3402,,목,,15:00,17:50,월당관
전선,DJ00015,연극과커뮤니케이션,권정택,3401,,월,,15:00,17:50,월당관
전선,DJ00016,영상분석과비평,이종임,3301,,화,,12:00,14:50,월당관
전선,DJ00017,광고캠페인,유은아,3402,,수,,15:00,17:50,월당관
전선,DJ00018,소셜미디어와시민사회,김소형,7308,,화,,15:00,17:50,새천년관
전선,DJ00038,커뮤니케이션사상사,조은기,7308,,수,,09:00,11:50,새천년관
전선,DJ00039,4차산업혁명과디지털미디어플랫폼,조은기,7308,,월,,09:00,11:50,새천년관
전선,DJ00047,글로벌시대한류와미디어,김아영,7616,,화,,12:00,14:50,새천년관
전선,DJ00048,K-pop과문화연구,방희경,7308,7308,화,목,13:30,14:45,새천년관
전선,DJ00049,한국영화사,방희경,7308,7308,화,목,12:00,13:15,새천년관
전선,DJ00050,스포츠콘텐츠이해와실습,정윤수,3402,,목,,12:00,14:50,월당관
전선,DJ00051,과학기술시대의문화읽기,임연경,3402,,수,,12:00,14:50,월당관
전선,DJ00060,광고론,김인혜,7107,,월,,12:00,14:50,새천년관
전선,DJ00061,미디어와다문화감수성,김형신,3402,,월,,12:00,14:50,월당관
전선,DJ00062,매스컴이론,이준형,3402,,목,,09:00,11:50,월당관
전선,DJ00068,도시문화의이해,정윤수,7308,7308,월,수,13:30,14:45,새천년관
전선,DJ00069,AI와지적재산권,윤장열,7308,,목,,09:00,11:50,새천년관
전선,DJ00070,인터렉티브미디어,윤장열,7308,,금,,15:00,17:50,새천년관
전선,DJ00071,"AI미디어,문화,리터러시",송원숙,7308,,수,,15:00,17:50,새천년관
전선,DJ00072,문화연구와문화이론,홍남희,7107,,금,,09:00,11:50,새천년관
전선,DJ00073,창의적말하기와글쓰기,김영빈,7308,,금,,12:00,14:50,새천년관
전선,DJ00074,콘텐츠유니버스설계,원장경,3401,,목,,15:00,17:50,월당관
전선,DP00008,웹드라마비평,강인,7305,,목,,09:00,11:50,새천년관
전선,DP00010,프로듀싱의이해,강나영,M401,,수,,12:00,14:50,미가엘관
전필,DD00018,게임제작,김대우,6403,,수,,09:00,11:50,정보과학관
전선,DD00021,고급영상합성,양형석,6403,,월,,12:00,14:50,정보과학관
전선,DD00037,코딩으로배우는미디어아트,김대우,6403,,화,,15:00,17:50,정보과학관
전필,DD00040,3D모델링,이원정,6403,,목,,09:00,11:50,정보과학관
전필,DD00042,디지털이미지비평,박남기,3301,,화,,09:00,11:50,월당관
전선,DD00044,기초게임엔진,박남기,M401,,목,,09:00,11:50,미가엘관
전선,DD00046,디지털콘텐츠기획,정은주,1504,,금,,15:00,17:50,승연관
전필,DD00050,캡스톤디자인-콘텐츠제작프로젝트2,이원정,7706,,금,,15:00,18:50,새천년관
전필,DD00050,캡스톤디자인-콘텐츠제작프로젝트2,이영아,6402,,금,,15:00,18:50,정보과학관
전필,DD00051,디지털페인팅,미지정(채용중),6403,,금,,12:00,14:50,정보과학관
전선,DD00058,게임산업과e스포츠,정중호,6403,,월,,09:00,11:50,정보과학관
전선,DD00059,숏폼콘텐츠제작실습,이병준,6403,,월,,15:00,17:50,정보과학관
전필,DD00063,디지털기초디자인,오세현,6403,,화,,09:00,11:50,정보과학관
전선,DD00065,광고크리에이티브디자인,주진식,M401,,금,,12:00,14:50,미가엘관
전선,DD00067,언리얼엔진기반의효율적디지털휴먼제작,이진욱,B105,,목,,09:00,11:50,일만관
전선,DD00068,예능작가실무워크숍,김희수,6403,,금,,15:00,17:50,정보과학관
전선,DD00070,팬덤문화온라인마케팅,최원준,7304,,화,,12:00,14:50,새천년관
전필,DD00071,웹툰콘텐츠디자인입문,호중훈,6403,,목,,15:00,17:50,정보과학관
전필,DD00074,AI브랜드&컨셉디자인,미지정(채용중),6403,,수,,12:00,14:50,정보과학관
전필,DD00075,기초촬영실무,오세현,6403,,금,,09:00,11:50,정보과학관
전필,DD00076,다큐멘터리제작워크숍,오세현,6402,,화,,15:00,17:50,정보과학관
전선,DD00077,디지털뮤직콘텐츠:AI제작에서글로벌마케팅까지,길대호,6403,,화,,12:00,14:50,정보과학관
전선,DD00078,뉴미디어기초조형,김대우,6403,,목,,12:00,14:50,정보과학관
전필,DP00006,영상제작실습2,연희승,M401,,수,,09:00,11:50,미가엘관
전필,DP00007,1인제작과아이디어,연희승,M401,,화,,09:00,11:50,미가엘관
전선,DP00016,영상매체와정치그리고경제,최진봉,7305,,월,,09:00,11:50,새천년관
전선,DP00017,영상미디어이론과비평,최진봉,9990,,수,,09:00,11:50,성미가엘성당&피츠버그홀
전선,DP00018,영상매체시대의PR캠페인실습,최진봉,9990,,금,,09:00,11:50,성미가엘성당&피츠버그홀
전선,DP00019,포토샵과비주얼디자인,미지정(채용중),7305,,월,,15:00,17:50,새천년관
전선,DP00020,영상편집표현과구성,홍지영,3302,,월,,12:00,14:50,월당관
전선,DP00021,에프터이펙트기초,최대식,3302,,수,,15:00,17:50,월당관
전선,DP00022,미디어엔터테인먼트산업론,김정훈,7205,,월,,09:00,11:50,새천년관
전필,FH00005,경영정보시스템의이해,김수림,1504,1504,화,목,13:30,14:45,승연관
전필,FH00011,데이터베이스와SQL,김상준,B105,,금,,12:00,14:50,일만관
전선,FH00012,데이터시대의사회과학,김수림,7205,7205,화,목,16:30,17:45,새천년관
전선,FH00013,라이프데이터분석과AI,김수림김양희곽승우,B105,,금,,15:00,17:50,일만관
전선,FH00014,빅데이터보고서작성과표현기법,김양희,B105,B105,화,목,15:00,16:15,일만관
전선,FH00015,빅데이터프로그래밍,김양희,3302,3302,화,목,12:00,13:15,월당관
전필,FI00001,머신러닝입문,홍성준,6405,6405,화,목,16:30,17:45,정보과학관
전선,FI00005,고급Python프로그래밍,공준욱,6405,,화,,09:00,11:50,정보과학관
전선,FI00010,강화학습,이상윤,1503,,금,,12:00,14:50,승연관
전선,FI00011,인공지능수학,곽승우,6405,6405,월,수,15:00,16:15,정보과학관
전선,FI00012,순환신경망과자연어처리,곽승우,6405,6405,월,수,13:30,14:45,정보과학관
전필,XB00032,졸업지도,김명철,6206,,목,,18:25,19:15,정보과학관
전선,XE00014,인공지능캡스톤디자인,이상윤,6405,,금,,15:00,17:50,정보과학관
전선,FI00013,라이프데이터분석과AI,김수림김양희곽승우,B105,,금,,15:00,17:50,일만관
전선,IS00001,Javascript프로그래밍,이해신,6202,,금,,12:00,14:50,정보과학관
전필,IS00002,Java프로그래밍,김선형,6202,6202,화,목,13:30,14:45,정보과학관
전선,IS00004,데이터베이스,홍은지,6206,6206,월,수,13:30,14:45,정보과학관
전선,IS00005,데이터분석입문,이상욱,6206,,화,,09:00,11:50,정보과학관
전선,IS00008,논리회로설계,유상신,6202,,목,,09:00,11:50,정보과학관
전필,IS00010,전공지도,이하규,6406,,수,,18:25,19:15,정보과학관
전선,IS00011,C++프로그래밍,이하규,6406,6406,월,수,16:30,17:45,정보과학관
전필,IS00012,자료구조,김명철,6206,,목,,09:00,11:50,정보과학관
전필,IS00012,자료구조,김명철,6206,,금,,15:00,17:50,정보과학관
전필,IS00012,자료구조,이상욱,6206,6206,월,수,15:00,16:15,정보과학관
전선,IS00013,컴퓨터구조,유상신,6202,6202,화,목,12:00,13:15,정보과학관
전선,IS00014,JSP프로그래밍,박정식,6406,,목,,09:00,11:50,정보과학관
전선,IS00015,백엔드프로그래밍,김선형,6202,6202,화,목,15:00,16:15,정보과학관
전선,IS00015,백엔드프로그래밍,김선형,6202,6202,화,목,16:30,17:45,정보과학관
전선,IS00016,컴퓨터네트워크,유상신,6201,6201,화,목,16:30,17:45,정보과학관
전선,IS00016,컴퓨터네트워크,유상신,6201,6201,화,목,15:00,16:15,정보과학관
전선,IS00018,서버구축및형상관리,이승진,6202,,월,,09:00,11:50,정보과학관
전선,IS00019,신호및시스템,김학수,6201,6201,월,수,13:30,14:45,정보과학관
전필,IS00021,과정지도,임충규,6201,,월,,18:25,19:15,정보과학관
전선,IS00022,네트워크프로그래밍,박정식,6406,6406,화,목,13:30,14:45,정보과학관
전선,IS00024,리눅스시스템,박정식,6406,,화,,09:00,11:50,정보과학관
전선,IS00025,모바일프로그래밍,이종현,6406,,금,,09:00,11:50,정보과학관
전선,IS00026,백엔드프레임워크,이승진,6202,6202,월,수,12:00,13:15,정보과학관
전선,IS00030,컴퓨터그래픽스,임충규,6201,6201,월,수,16:30,17:45,정보과학관
전선,IS00031,프론트엔드프로그래밍,이승진,6202,6202,월,수,15:00,16:15,정보과학관
전선,IS00033,AI활용프로그래밍,김학수,6201,6201,월,수,15:00,16:15,정보과학관
전선,IS00034,Java네트워크프로그래밍,이승진,6202,6202,월,수,16:30,17:45,정보과학관
전선,IS00035,AR/VR시스템개발,임충규,6201,,수,,09:00,11:50,정보과학관
전선,IS00036,디지털영상처리,김학수,6202,,수,,09:00,11:50,정보과학관
전선,IS00038,TCP/IP,박정식,6406,6406,화,목,12:00,13:15,정보과학관
전선,IS00039,인터넷보안,이종현,6406,,금,,12:00,14:50,정보과학관
전선,IS00040,정보보호개론,이종현,6406,,금,,15:00,17:50,정보과학관
전선,IS00042,게임프로그래밍,임충규,6201,,월,,09:00,11:50,정보과학관
전선,IS00043,시스템분석및설계,문성현,6202,,금,,09:00,11:50,정보과학관
전선,IS00044,인공지능,이상욱,6206,6206,월,수,12:00,13:15,정보과학관
전선,IS00045,통계자료분석및실습,윤명호,3302,,월,,09:00,11:50,월당관
전선,IS00046,프론트엔드프레임워크,이승진,6202,6202,월,수,13:30,14:45,정보과학관
전선,IS00047,빅데이터응용,차현정,6201,,금,,15:00,17:50,정보과학관
전선,IS00048,고급Java프로그래밍,문성현,6201,,금,,12:00,14:50,정보과학관
